Rank,City,State/Province,Country,Tier,Rationale,Notes
1,San Francisco,CA,USA,Tier 1,"Top VC density, global startup epicenter",Bay Area coverage includes SF/SJ/Oakland
2,New York,NY,USA,Tier 1,"Largest US business community, capital markets access","Covers Manhattan, broader NYC"
3,San Jose,CA,USA,Tier 1,"Silicon Valley core, deep tech talent",
4,Austin,TX,USA,Tier 1,"Fastest-growing startup hub, tech migration",
5,Los Angeles,CA,USA,Tier 1,"Media, creator economy, DTC brands",
6,Seattle,WA,USA,Tier 1,"Big tech ecosystem, cloud, AI",
7,Boston,MA,USA,Tier 1,"Biotech, deep tech, elite universities",
8,Miami,FL,USA,Tier 1,"Fintech, crypto, LatAm gateway",
9,Chicago,IL,USA,Tier 1,"Diverse industry base, corporate HQs",
10,Denver,CO,USA,Tier 1,"Outdoors/lifestyle tech, SaaS growth",
11,Atlanta,GA,USA,Tier 1,"Fintech, logistics, film industry",
12,Dallas,TX,USA,Tier 1,"Corporate relocations, enterprise tech",
13,San Diego,CA,USA,Tier 1,"Biotech, defense, lifestyle brands",
14,Houston,TX,USA,Tier 1,"Energy transition, med tech",
15,Portland,OR,USA,Tier 1,"Design, DTC, sustainability",
16,Phoenix,AZ,USA,Tier 1,"Semiconductors, rapid population growth",
17,Washington,DC,USA,Tier 1,"GovTech, cybersecurity, think tanks",
18,Boulder,CO,USA,Tier 1,"Research spinouts, outdoors SaaS",
19,Palo Alto,CA,USA,Tier 1,"VC proximity, university spinouts",
20,Mountain View,CA,USA,Tier 1,"AI, cloud, big tech anchor",
21,Santa Monica,CA,USA,Tier 1,"Media/creator startups, DTC",
22,Oakland,CA,USA,Tier 1,Bay Area talent spillover,
23,Berkeley,CA,USA,Tier 1,University-led innovation,
24,Redwood City,CA,USA,Tier 1,"VC corridor, biotech",
25,San Mateo,CA,USA,Tier 1,"Fintech, marketplaces",
26,Irvine,CA,USA,Tier 1,"Medtech, enterprise software",
27,Salt Lake City,UT,USA,Tier 1,“Silicon Slopes” enterprise SaaS,
28,Provo,UT,USA,Tier 1,"Sales ops talent, SaaS growth",
29,Raleigh,NC,USA,Tier 1,"Research Triangle, biotech",
30,Durham,NC,USA,Tier 1,"Biotech, research spinouts",
31,Nashville,TN,USA,Tier 2,"Healthcare, media, startup culture",
32,Charlotte,NC,USA,Tier 2,Banking/fintech hub,
33,Tampa,FL,USA,Tier 2,"Cybersecurity, fintech, defense",
34,Orlando,FL,USA,Tier 2,"Simulation, hospitality tech",
35,Jacksonville,FL,USA,Tier 2,"Logistics, fintech",
36,St. Petersburg,FL,USA,Tier 2,"Creative tech, waterfront economy",
37,Clearwater,FL,USA,Tier 2,"SMB ecosystem, tourism",
38,Boca Raton,FL,USA,Tier 2,"Finance, health tech",
39,Fort Lauderdale,FL,USA,Tier 2,"Marine, hospitality tech",
40,West Palm Beach,FL,USA,Tier 2,"Wealth, family offices, startups",
41,Minneapolis,MN,USA,Tier 2,"Medtech, retail tech",
42,St. Paul,MN,USA,Tier 2,Twin Cities ecosystem,
43,Madison,WI,USA,Tier 2,University-led biotech/software,
44,Milwaukee,WI,USA,Tier 2,"Manufacturing, water tech",
45,Columbus,OH,USA,Tier 2,"Data/AI, retail, Intel fabs",
46,Cincinnati,OH,USA,Tier 2,"CPG, design, branding",
47,Cleveland,OH,USA,Tier 2,"Healthcare, manufacturing",
48,Indianapolis,IN,USA,Tier 2,"Logistics, sports tech",
49,Pittsburgh,PA,USA,Tier 2,"Robotics, AI, universities",
50,Philadelphia,PA,USA,Tier 2,"Healthcare, finance, edtech",
51,Baltimore,MD,USA,Tier 2,"Cyber, healthcare",
52,Richmond,VA,USA,Tier 2,"Fintech, logistics",
53,Norfolk,VA,USA,Tier 2,"Defense, maritime",
54,Charleston,SC,USA,Tier 2,"Aerospace supply chain, tourism",
55,Greenville,SC,USA,Tier 2,Advanced manufacturing,
56,Birmingham,AL,USA,Tier 2,"Healthcare, fintech",
57,Huntsville,AL,USA,Tier 2,"Aerospace, defense",
58,Kansas City,MO,USA,Tier 2,"Agtech, logistics",
59,St. Louis,MO,USA,Tier 2,"Agtech, healthcare",
60,Omaha,NE,USA,Tier 2,"Fintech, enterprise",
61,Lincoln,NE,USA,Tier 2,University ecosystem,
62,Des Moines,IA,USA,Tier 2,"Insurance tech, fintech",
63,Oklahoma City,OK,USA,Tier 2,"Energy transition, aero",
64,Tulsa,OK,USA,Tier 2,"Remote work incentives, energy",
65,Albuquerque,NM,USA,Tier 2,"Aerospace, national labs",
66,Santa Fe,NM,USA,Tier 2,"Creative economy, boutique tech",
67,Boise,ID,USA,Tier 2,"Semiconductors, outdoor tech",
68,Spokane,WA,USA,Tier 2,"Regional healthcare, SaaS",
69,Tacoma,WA,USA,Tier 2,"Ports, logistics",
70,Reno,NV,USA,Tier 2,"Manufacturing, Tesla supply chain",
71,Las Vegas,NV,USA,Tier 2,"Hospitality tech, esports",
72,San Antonio,TX,USA,Tier 2,"Cybersecurity, defense",
73,Fort Worth,TX,USA,Tier 2,"Aero/defense, logistics",
74,Arlington,TX,USA,Tier 2,DFW corridor growth,
75,Plano,TX,USA,Tier 2,"Corporate HQs, fintech",
76,Frisco,TX,USA,Tier 2,"Sports tech, enterprise",
77,Irving,TX,USA,Tier 2,DFW corporate hub,
78,Round Rock,TX,USA,Tier 2,"Semiconductors, Austin spillover",
79,Sugar Land,TX,USA,Tier 2,"Energy/chemicals, HQs",
80,The Woodlands,TX,USA,Tier 2,Corporate centers,
81,El Paso,TX,USA,Tier 2,"Logistics, cross-border trade",
82,Ann Arbor,MI,USA,Tier 2,"University-led tech, mobility",
83,Detroit,MI,USA,Tier 2,"Mobility, advanced manufacturing",
84,Grand Rapids,MI,USA,Tier 2,"Design, furniture, medtech",
85,Lansing,MI,USA,Tier 2,"Gov/edtech, manufacturing",
86,Rochester,NY,USA,Tier 2,"Optics, imaging, medtech",
87,Buffalo,NY,USA,Tier 2,"Health, advanced materials",
88,Albany,NY,USA,Tier 2,Semiconductors (NY CREATES),
89,Syracuse,NY,USA,Tier 2,"Micron fabs, upstate growth",
90,White Plains,NY,USA,Tier 2,Corporate services,
91,Yonkers,NY,USA,Tier 2,"NYC spillover, SMB base",
92,Newark,NJ,USA,Tier 2,"Logistics, fintech, proximity to NYC",
93,Jersey City,NJ,USA,Tier 2,"Finance, crypto, NYC spillover",
94,Hoboken,NJ,USA,Tier 2,"Startups, NYC-adjacent",
95,Princeton,NJ,USA,Tier 2,University-led research,
96,Stamford,CT,USA,Tier 2,"Finance, HQs, NYC corridor",
97,New Haven,CT,USA,Tier 2,"Biotech, Yale spinouts",
98,Hartford,CT,USA,Tier 2,Insurtech hub,
99,Providence,RI,USA,Tier 2,"Design, edtech",
100,Burlington,VT,USA,Tier 2,"Climate tech, university",
101,Portsmouth,NH,USA,Tier 2,"SMB base, proximity to Boston",
102,Manchester,NH,USA,Tier 2,"Manufacturing, SMB",
103,Baton Rouge,LA,USA,Tier 2,"Energy, chemtech",
104,New Orleans,LA,USA,Tier 2,"Tourism tech, creative economy",
105,Little Rock,AR,USA,Tier 2,"Fintech (FIS), logistics",
106,Fayetteville,AR,USA,Tier 2,Retail/CPG (Walmart corridor),
107,Chattanooga,TN,USA,Tier 2,"Logistics, gig city innovation",
108,Knoxville,TN,USA,Tier 2,"ORNL proximity, advanced materials",
109,Memphis,TN,USA,Tier 2,"Logistics (FedEx), medtech",
110,Louisville,KY,USA,Tier 2,"Logistics, bourbon/CPG",
111,Lexington,KY,USA,Tier 2,University-led innovation,
112,Columbia,SC,USA,Tier 2,"State capital, SMB base",
113,Savannah,GA,USA,Tier 2,"Port logistics, creative economy",
114,Augusta,GA,USA,Tier 2,"Cyber center, defense",
115,Athens,GA,USA,Tier 2,University-led startups,
116,Tallahassee,FL,USA,Tier 2,"Gov/edtech, universities",
117,Gainesville,FL,USA,Tier 2,UF biotech/software,
118,Sarasota,FL,USA,Tier 2,"Wealth, creative economy",
119,Naples,FL,USA,Tier 2,"Wealth, family offices",
120,Fort Myers,FL,USA,Tier 2,"Growth corridor, SMB base",
121,Cape Coral,FL,USA,Tier 3,"High growth, SMB",
122,Lakeland,FL,USA,Tier 3,Logistics corridor,
123,Daytona Beach,FL,USA,Tier 3,"Aerospace, tourism",
124,Pensacola,FL,USA,Tier 3,"Defense, tourism",
125,Bonita Springs,FL,USA,Tier 3,"Wealth, SMB",
126,Ormond Beach,FL,USA,Tier 3,SMB base,
127,Delray Beach,FL,USA,Tier 3,"D2C, agencies",
128,Winter Park,FL,USA,Tier 3,Creative economy,
129,Coral Gables,FL,USA,Tier 3,"Finance, SMB",
130,Aventura,FL,USA,Tier 3,Retail/SMB,
131,Scottsdale,AZ,USA,Tier 3,"Wealth, agencies, health tech",
132,Tempe,AZ,USA,Tier 3,"University, SaaS",
133,Mesa,AZ,USA,Tier 3,Growth corridor,
134,Chandler,AZ,USA,Tier 3,"Semiconductors, SMB",
135,Gilbert,AZ,USA,Tier 3,"High growth, SMB",
136,Tucson,AZ,USA,Tier 3,"Aerospace, university",
137,Colorado Springs,CO,USA,Tier 3,"Defense, space",
138,Fort Collins,CO,USA,Tier 3,"University, agtech",
139,Greeley,CO,USA,Tier 3,Ag/energy,
140,Broomfield,CO,USA,Tier 3,Front Range tech,
141,Aurora,CO,USA,Tier 3,Denver metro growth,
142,Santa Clara,CA,USA,Tier 3,Silicon Valley core,
143,Sunnyvale,CA,USA,Tier 3,"Big tech, AI",
144,Cupertino,CA,USA,Tier 3,"Enterprise tech, hardware",
145,Fremont,CA,USA,Tier 3,"Manufacturing, Tesla",
146,San Ramon,CA,USA,Tier 3,Enterprise corridor,
147,Walnut Creek,CA,USA,Tier 3,"Wealth, SMB",
148,Pleasanton,CA,USA,Tier 3,Enterprise software,
149,Menlo Park,CA,USA,Tier 3,"VC, social platforms",
150,Redwood Shores,CA,USA,Tier 3,Enterprise software,
151,Long Beach,CA,USA,Tier 3,"Ports, logistics",
152,Pasadena,CA,USA,Tier 3,"Research, aerospace",
153,Glendale,CA,USA,Tier 3,Media/creative,
154,Burbank,CA,USA,Tier 3,Media production,
155,Costa Mesa,CA,USA,Tier 3,"Agencies, DTC",
156,Newport Beach,CA,USA,Tier 3,"Wealth, family offices",
157,Orange,CA,USA,Tier 3,"Medtech, SMB",
158,Anaheim,CA,USA,Tier 3,"Tourism, SMB",
159,Riverside,CA,USA,Tier 3,Inland empire logistics,
160,Ontario,CA,USA,Tier 3,"Logistics, SMB",
161,Sacramento,CA,USA,Tier 3,"GovTech, SMB",
162,Roseville,CA,USA,Tier 3,Sacramento corridor,
163,Elk Grove,CA,USA,Tier 3,Growth city,
164,San Luis Obispo,CA,USA,Tier 3,"University, agtech",
165,Santa Barbara,CA,USA,Tier 3,"Medtech, wealth",
166,Santa Cruz,CA,USA,Tier 3,"University, climate tech",
167,Fresno,CA,USA,Tier 3,"Agtech, SMB",
168,Bakersfield,CA,USA,Tier 3,"Energy, ag",
169,Ithaca,NY,USA,Tier 3,University spinouts,
170,Tarrytown,NY,USA,Tier 3,Biotech corridor,
171,Hempstead,NY,USA,Tier 3,Long Island SMB,
172,New Rochelle,NY,USA,Tier 3,Westchester SMB,
173,Cambridge,MA,USA,Tier 3,"Biotech, AI",
174,Somerville,MA,USA,Tier 3,"Robotics, maker",
175,Waltham,MA,USA,Tier 3,Biotech corridor,
176,Worcester,MA,USA,Tier 3,"Medtech, edtech",
177,Lowell,MA,USA,Tier 3,Advanced manufacturing,
178,Newport,RI,USA,Tier 3,"Wealth, SMB",
179,Portland,ME,USA,Tier 3,"Food, climate tech",
180,Rochester,MN,USA,Tier 3,Mayo Clinic medtech,
181,Sioux Falls,SD,USA,Tier 3,"Fintech, SMB",
182,Fargo,ND,USA,Tier 3,"Agtech, SMB",
183,Billings,MT,USA,Tier 3,"Energy, ag",
184,Missoula,MT,USA,Tier 3,Outdoor tech,
185,Bismarck,ND,USA,Tier 3,Gov/energy,
186,Cheyenne,WY,USA,Tier 3,"Logistics, energy",
187,Helena,MT,USA,Tier 3,"Gov, SMB",
188,Anchorage,AK,USA,Tier 3,"Logistics, energy",
189,Honolulu,HI,USA,Tier 3,"Tourism tech, SMB",
190,Spartanburg,SC,USA,Tier 3,Auto manufacturing,
191,Wilmington,NC,USA,Tier 3,"Port logistics, film",
192,Winston-Salem,NC,USA,Tier 3,"Biotech, SMB",
193,Greensboro,NC,USA,Tier 3,Advanced manufacturing,
194,Asheville,NC,USA,Tier 3,Creative economy,
195,Boulder City,NV,USA,Tier 3,Regional SMB base,
196,Eugene,OR,USA,Tier 3,"University, climate tech",
197,Salem,OR,USA,Tier 3,"Gov, SMB",
198,Bend,OR,USA,Tier 3,Outdoor startups,
199,Bozeman,MT,USA,Tier 3,"Remote tech, outdoor",
200,Harrisburg,PA,USA,Tier 3,"Gov, SMB",
201,Allentown,PA,USA,Tier 3,"Manufacturing, logistics",
202,Scranton,PA,USA,Tier 3,SMB base,
203,Erie,PA,USA,Tier 3,Manufacturing,
204,Lancaster,PA,USA,Tier 3,"CPG, SMB",
205,Wilmington,DE,USA,Tier 3,"Incorporation, fintech",
206,Newark,DE,USA,Tier 3,"University, SMB",
207,Virginia Beach,VA,USA,Tier 3,"Military, tourism",
208,Charlottesville,VA,USA,Tier 3,University spinouts,
209,Roanoke,VA,USA,Tier 3,"Health, logistics",
210,Toronto,ON,Canada,Tier 1,Global tech/finance hub,
211,Vancouver,BC,Canada,Tier 1,"AI, gaming, film",
212,Montreal,QC,Canada,Tier 1,"AI research, startups",
213,Calgary,AB,Canada,Tier 2,"Energy transition, tech",
214,Ottawa,ON,Canada,Tier 2,"GovTech, SaaS",
215,Waterloo,ON,Canada,Tier 2,University-led innovation,
216,Edmonton,AB,Canada,Tier 2,"Energy, AI research",
217,Winnipeg,MB,Canada,Tier 3,"Manufacturing, SMB",
218,Quebec City,QC,Canada,Tier 3,Gov/SMB,
219,London,ENG,UK,Tier 1,Europe’s finance/VC hub,
220,Cambridge,ENG,UK,Tier 1,Deep tech/biotech,
221,Oxford,ENG,UK,Tier 1,University spinouts,
222,Manchester,ENG,UK,Tier 2,"Media, startups",
223,Birmingham,ENG,UK,Tier 2,Advanced manufacturing,
224,Edinburgh,SCT,UK,Tier 2,"Fintech, AI",
225,Glasgow,SCT,UK,Tier 2,"Engineering, creative",
226,Dublin,,Ireland,Tier 1,"EU tech HQs, fintech",
227,Paris,,France,Tier 1,"AI, luxury/DTC",
228,Berlin,,Germany,Tier 1,"Startups, VC, deep tech",
229,Munich,,Germany,Tier 1,"Mobility, industrial tech",
230,Hamburg,,Germany,Tier 2,"Logistics, media",
231,Frankfurt,,Germany,Tier 2,Finance hub,
232,Zurich,,Switzerland,Tier 1,"Fintech, AI",
233,Geneva,,Switzerland,Tier 2,"Finance, intl orgs",
234,Stockholm,,Sweden,Tier 1,"Unicorn density, fintech",
235,Copenhagen,,Denmark,Tier 1,"Design, clean tech",
236,Oslo,,Norway,Tier 2,Energy/climate tech,
237,Helsinki,,Finland,Tier 2,"Gaming, AI",
238,Amsterdam,,Netherlands,Tier 1,"Logistics, fintech",
239,Rotterdam,,Netherlands,Tier 2,"Ports, logistics",
240,Brussels,,Belgium,Tier 2,"EU institutions, startups",
241,Antwerp,,Belgium,Tier 3,"Ports, diamonds, design",
242,Barcelona,,Spain,Tier 1,"Mobile/tech, design",
243,Madrid,,Spain,Tier 1,"Fintech, marketplaces",
244,Lisbon,,Portugal,Tier 1,Remote startup hub,
245,Porto,,Portugal,Tier 2,"Engineering, SMB",
246,Tallinn,,Estonia,Tier 2,"E‑gov, SaaS startups",
247,Vilnius,,Lithuania,Tier 3,"Fintech, SaaS",
248,Riga,,Latvia,Tier 3,"SaaS, logistics",
249,Warsaw,,Poland,Tier 2,Central European hub,
250,Santa Ana,CA,USA,Tier 3,"Orange County SMB base, med/dental, agencies",
251,Huntington Beach,CA,USA,Tier 3,"DTC, action sports, creative",
252,Garden Grove,CA,USA,Tier 3,"Services/SMB, SoCal corridor",
253,Fullerton,CA,USA,Tier 3,"University, small tech/services",
254,Torrance,CA,USA,Tier 3,"Aerospace suppliers, auto",
255,Oxnard,CA,USA,Tier 3,"Ag/food manufacturing, ports",
256,Escondido,CA,USA,Tier 3,San Diego North County SMB,
257,Thousand Oaks,CA,USA,Tier 3,"Biotech corridor, wealth",
258,Pomona,CA,USA,Tier 3,University/industrial base,
259,Huntington Park,CA,USA,Tier 3,LA county SMB cluster,
260,Santa Clarita,CA,USA,Tier 3,"Media spillover, SMB",
261,Hemet,CA,USA,Tier 3,Inland Empire growth,
262,Victorville,CA,USA,Tier 3,Logistics corridor,
263,Palmdale,CA,USA,Tier 3,Aerospace manufacturing,
264,Santa Rosa,CA,USA,Tier 3,"Wine/CPG, agtech",
265,Modesto,CA,USA,Tier 3,Ag/food processing,
266,Stockton,CA,USA,Tier 3,Inland port/logistics,
267,Chula Vista,CA,USA,Tier 3,"Cross-border trade, SMB",
268,San Bernardino,CA,USA,Tier 3,"Logistics, manufacturing",
269,Visalia,CA,USA,Tier 3,Ag supply chain,
270,McKinney,TX,USA,Tier 3,"DFW growth, SMB",
271,Denton,TX,USA,Tier 3,"University, music tech/creative",
272,Richardson,TX,USA,Tier 3,"Telecom, enterprise parks",
273,Allen,TX,USA,Tier 3,DFW corridor SMB,
274,Pasadena,TX,USA,Tier 3,Energy/chemicals,
275,Pearland,TX,USA,Tier 3,"Healthcare, SMB",
276,Katy,TX,USA,Tier 3,Retail/logistics,
277,The Colony,TX,USA,Tier 3,DFW tech/retail parks,
278,Carrollton,TX,USA,Tier 3,Industrial/SMB,
279,Lewisville,TX,USA,Tier 3,DFW SMB base,
280,Georgetown,TX,USA,Tier 3,Austin growth corridor,
281,New Braunfels,TX,USA,Tier 3,Austin–San Antonio corridor,
282,Waco,TX,USA,Tier 3,"Baylor, logistics/manufacturing",
283,Killeen,TX,USA,Tier 3,Defense economy,
284,Temple,TX,USA,Tier 3,Healthcare/logistics,
285,College Station,TX,USA,Tier 3,University spinouts,
286,Bryan,TX,USA,Tier 3,TAMU twin city SMB,
287,Lubbock,TX,USA,Tier 3,"Agtech, university",
288,Amarillo,TX,USA,Tier 3,"Ag/logistics, energy",
289,Midland,TX,USA,Tier 3,"Energy capital, SMB services",
290,Odessa,TX,USA,Tier 3,Energy services,
291,Laredo,TX,USA,Tier 3,"Port of entry, logistics",
292,McAllen,TX,USA,Tier 3,Cross-border retail/health,
293,Brownsville,TX,USA,Tier 3,"Port/manufacturing, SpaceX",
294,Corpus Christi,TX,USA,Tier 3,"Port, energy",
295,Port St. Lucie,FL,USA,Tier 3,"High-growth households, SMB",
296,Palm Bay,FL,USA,Tier 3,Space Coast tech,
297,Melbourne,FL,USA,Tier 3,Defense/aerospace,
298,Daytona Beach Shores,FL,USA,Tier 3,Tourism SMB,
299,Ocala,FL,USA,Tier 3,"Equine industry, manufacturing",
300,Winter Garden,FL,USA,Tier 3,Orlando tech suburbs,
301,Apopka,FL,USA,Tier 3,Logistics/ag services,
302,Kissimmee,FL,USA,Tier 3,Hospitality/tourism SMB,
303,Hialeah,FL,USA,Tier 3,Manufacturing/retail SMB,
304,Miramar,FL,USA,Tier 3,Corporate back-office,
305,Pembroke Pines,FL,USA,Tier 3,Professional services,
306,Hollywood,FL,USA,Tier 3,Tourism/creative,
307,Pompano Beach,FL,USA,Tier 3,Marine/retail,
308,Coral Springs,FL,USA,Tier 3,SMB base,
309,Davie,FL,USA,Tier 3,Education corridor,
310,Doral,FL,USA,Tier 3,"Logistics, Latin America trade",
311,Miami Beach,FL,USA,Tier 3,"Hospitality, creator economy",
312,Peoria,AZ,USA,Tier 3,Phoenix West Valley growth,
313,Surprise,AZ,USA,Tier 3,High growth households,
314,Avondale,AZ,USA,Tier 3,Logistics parks,
315,Goodyear,AZ,USA,Tier 3,Manufacturing/logistics,
316,Yuma,AZ,USA,Tier 3,Ag/logistics,
317,Queen Creek,AZ,USA,Tier 3,High growth tech households,
318,Henderson,NV,USA,Tier 3,"Vegas corridor, corporate",
319,North Las Vegas,NV,USA,Tier 3,Industrial/logistics,
320,Sparks,NV,USA,Tier 3,"Reno corridor, manufacturing",
321,Carson City,NV,USA,Tier 3,"State capital, SMB",
322,Lehi,UT,USA,Tier 3,Silicon Slopes core (SaaS),
323,Orem,UT,USA,Tier 3,University startups,
324,Ogden,UT,USA,Tier 3,Manufacturing/logistics,
325,Sandy,UT,USA,Tier 3,Slopes corridor SMB,
326,St. George,UT,USA,Tier 3,"High growth, remote work",
327,Logan,UT,USA,Tier 3,University/agtech,
328,Bellevue,WA,USA,Tier 2,"Enterprise, cloud, gaming",
329,Kirkland,WA,USA,Tier 3,AI/cloud spillover,
330,Redmond,WA,USA,Tier 3,Big tech R&D,
331,Everett,WA,USA,Tier 3,Aerospace (Boeing),
332,Bellingham,WA,USA,Tier 3,Port/education,
333,Beaverton,OR,USA,Tier 3,"Semiconductors, design",
334,Hillsboro,OR,USA,Tier 2,Silicon Forest fabs,
335,Medford,OR,USA,Tier 3,Healthcare/logistics,
336,Lakewood,CO,USA,Tier 3,Front Range SMB,
337,Westminster,CO,USA,Tier 3,Enterprise parks,
338,Centennial,CO,USA,Tier 3,Tech corridors,
339,Littleton,CO,USA,Tier 3,Denver South SMB,
340,Highlands Ranch,CO,USA,Tier 3,Affluent SMB base,
341,Pueblo,CO,USA,Tier 3,Manufacturing,
342,Grand Junction,CO,USA,Tier 3,"Logistics, outdoor",
343,Las Cruces,NM,USA,Tier 3,University/logistics,
344,Meridian,ID,USA,Tier 3,Boise metro growth,
345,Nampa,ID,USA,Tier 3,Manufacturing/SMB,
346,Caldwell,ID,USA,Tier 3,Ag/SMB,
347,Idaho Falls,ID,USA,Tier 3,Energy research/SMB,
348,Pocatello,ID,USA,Tier 3,University/SMB,
349,Casper,WY,USA,Tier 3,Energy/services,
350,Gillette,WY,USA,Tier 3,Energy,
351,Great Falls,MT,USA,Tier 3,Defense/ag,
352,Kalispell,MT,USA,Tier 3,Tourism/outdoor,
353,Fairbanks,AK,USA,Tier 3,Logistics/defense,
354,Juneau,AK,USA,Tier 3,Gov/tourism,
355,Hilo,HI,USA,Tier 3,Tourism/SMB,
356,Toledo,OH,USA,Tier 3,Manufacturing/logistics,
357,Akron,OH,USA,Tier 3,"Polymers, medtech",
358,Dayton,OH,USA,Tier 3,Aerospace/defense,
359,Youngstown,OH,USA,Tier 3,Advanced manufacturing,
360,Canton,OH,USA,Tier 3,Manufacturing/SMB,
361,Rockford,IL,USA,Tier 3,Manufacturing,
362,Peoria,IL,USA,Tier 3,Industrial/medtech,
363,Champaign,IL,USA,Tier 3,University startups,
364,Springfield,IL,USA,Tier 3,"Capital, SMB",
365,Naperville,IL,USA,Tier 3,"Affluent SMB, tech",
366,Schaumburg,IL,USA,Tier 3,Enterprise/suburban HQs,
367,Fort Wayne,IN,USA,Tier 3,Manufacturing/logistics,
368,South Bend,IN,USA,Tier 3,University startups,
369,Evansville,IN,USA,Tier 3,Manufacturing/logistics,
370,Bloomington,IN,USA,Tier 3,University/creative,
371,Carmel,IN,USA,Tier 3,Affluent SMB base,
372,Fishers,IN,USA,Tier 3,Entrepreneur ecosystem,
373,Green Bay,WI,USA,Tier 3,Manufacturing/SMB,
374,Appleton,WI,USA,Tier 3,"Paper/packaging, SMB",
375,Kenosha,WI,USA,Tier 3,Manufacturing/logistics,
376,Racine,WI,USA,Tier 3,Manufacturing,
377,Eau Claire,WI,USA,Tier 3,University/SMB,
378,Duluth,MN,USA,Tier 3,Port/logistics,
379,Bloomington,MN,USA,Tier 3,Retail/enterprise parks,
380,St. Cloud,MN,USA,Tier 3,Manufacturing/ed,
381,Springfield,MO,USA,Tier 3,Logistics/retail,
382,Columbia,MO,USA,Tier 3,University startups,
383,Rock Springs,WY,USA,Tier 3,Energy/SMB,
384,O'Fallon,MO,USA,Tier 3,Suburban SMB growth,
385,Alexandria,VA,USA,Tier 3,GovTech/professional services,
386,Arlington,VA,USA,Tier 2,"HQ2, GovTech",
387,Chesapeake,VA,USA,Tier 3,Defense/maritime,
388,Hampton,VA,USA,Tier 3,Aero/defense,
389,Newport News,VA,USA,Tier 3,Shipbuilding/defense,
390,Fairfax,VA,USA,Tier 3,Gov contracting,
391,Reston,VA,USA,Tier 3,Tech corridor,
392,Tysons,VA,USA,Tier 3,Corporate HQ cluster,
393,Bethesda,MD,USA,Tier 3,Bio/health agencies,
394,Rockville,MD,USA,Tier 3,Biotech corridor,
395,Gaithersburg,MD,USA,Tier 3,Biotech R&D,
396,Silver Spring,MD,USA,Tier 3,Media/NGO services,
397,Trenton,NJ,USA,Tier 3,Capital/SMB,
398,Edison,NJ,USA,Tier 3,Industrial/retail,
399,New Brunswick,NJ,USA,Tier 3,University/biotech,
400,Elizabeth,NJ,USA,Tier 3,Port/logistics,
401,Paterson,NJ,USA,Tier 3,Manufacturing/SMB,
402,Camden,NJ,USA,Tier 3,Ed/med corridor,
403,Atlantic City,NJ,USA,Tier 3,Tourism/SMB,
404,Bridgeport,CT,USA,Tier 3,Industrial/port,
405,Norwalk,CT,USA,Tier 3,Media/SMB,
406,Greenwich,CT,USA,Tier 3,Finance/hedge funds,
407,Warwick,RI,USA,Tier 3,SMB/logistics,
408,Cranston,RI,USA,Tier 3,SMB base,
409,Springfield,MA,USA,Tier 3,Manufacturing/ed,
410,Quincy,MA,USA,Tier 3,Boston SMB corridor,
411,Newton,MA,USA,Tier 3,Professional services,
412,Nashua,NH,USA,Tier 3,Manufacturing/SMB,
413,Bangor,ME,USA,Tier 3,Regional SMB,
414,Augusta,ME,USA,Tier 3,Capital/SMB,
415,Montpelier,VT,USA,Tier 3,Capital/SMB,
416,Schenectady,NY,USA,Tier 3,Industrial/SMB,
417,Troy,NY,USA,Tier 3,RPI startups,
418,Saratoga Springs,NY,USA,Tier 3,Tourism/SMB,
419,Mount Vernon,NY,USA,Tier 3,Westchester SMB,
420,Bethlehem,PA,USA,Tier 3,Manufacturing/ed,
421,Reading,PA,USA,Tier 3,Manufacturing/SMB,
422,York,PA,USA,Tier 3,Manufacturing/logistics,
423,State College,PA,USA,Tier 3,University startups,
424,Mississauga,ON,Canada,Tier 2,"Corporate HQs, tech services",
425,Brampton,ON,Canada,Tier 3,Industrial/logistics,
426,Markham,ON,Canada,Tier 2,Tech corridor,
427,Surrey,BC,Canada,Tier 3,Metro Vancouver growth,
428,Burnaby,BC,Canada,Tier 2,"Gaming, film, tech",
429,Richmond,BC,Canada,Tier 3,"Logistics, ports",
430,Halifax,NS,Canada,Tier 3,"Ocean tech, SMB",
431,Hamilton,ON,Canada,Tier 3,Manufacturing/medtech,
432,Kitchener,ON,Canada,Tier 2,Waterloo corridor,
433,Mexico City,,Mexico,Tier 1,"LatAm HQs, fintech",
434,Guadalajara,,Mexico,Tier 1,Tech/software hub,
435,Monterrey,,Mexico,Tier 1,"Industrial/tech, VC",
436,Querétaro,,Mexico,Tier 2,Aero/auto supply chain,
437,Puebla,,Mexico,Tier 2,Manufacturing/SMB,
438,Tijuana,,Mexico,Tier 2,"Maquiladora, cross-border",
439,São Paulo,,Brazil,Tier 1,"Finance/VC, unicorns",
440,Rio de Janeiro,,Brazil,Tier 2,Media/energy,
441,Belo Horizonte,,Brazil,Tier 3,Tech/startups,
442,Buenos Aires,,Argentina,Tier 1,Software/startups,
443,Bogotá,,Colombia,Tier 1,"Gov/finance, startups",
444,Medellín,,Colombia,Tier 2,Innovation district,
445,Lima,,Peru,Tier 2,Finance/retail,
446,Santiago,,Chile,Tier 1,Startup Chile ecosystem,
447,Montevideo,,Uruguay,Tier 2,"Fintech, stable base",
448,Panama City,,Panama,Tier 2,Logistics/finance,
449,San José,,Costa Rica,Tier 2,"Tech services, nearshore",
450,Quito,,Ecuador,Tier 3,SMB/tech services,
451,Tel Aviv,,Israel,Tier 1,Global startup hub,
452,Herzliya,,Israel,Tier 2,VC/tech corridor,
453,Haifa,,Israel,Tier 2,R&D/medtech,
454,Dubai,,UAE,Tier 1,Finance/tech HQs,
455,Abu Dhabi,,UAE,Tier 2,Sovereign capital/tech,
456,Riyadh,,Saudi Arabia,Tier 2,Vision 2030 startups,
457,Doha,,Qatar,Tier 2,Finance/innovation,
458,Manama,,Bahrain,Tier 3,Fintech-friendly,
459,Cape Town,,South Africa,Tier 2,"Tech/startups, design",
460,Johannesburg,,South Africa,Tier 2,Finance/enterprise,
461,Nairobi,,Kenya,Tier 2,Mobile money/fintech,
462,Lagos,,Nigeria,Tier 2,"Largest market, fintech",
463,Accra,,Ghana,Tier 3,Fintech/SMB,
464,Kigali,,Rwanda,Tier 3,Innovation policy hub,
465,Cairo,,Egypt,Tier 2,MENA largest market,
466,Casablanca,,Morocco,Tier 3,Finance/logistics,
467,Singapore,,Singapore,Tier 1,"APAC HQs, finance",
468,Hong Kong,,China,Tier 1,Finance/VC,
469,Shenzhen,,China,Tier 1,"Hardware/AI, VC",
470,Guangzhou,,China,Tier 2,Manufacturing/tech,
471,Shanghai,,China,Tier 1,Finance/tech,
472,Beijing,,China,Tier 1,AI/deep tech,
473,Hangzhou,,China,Tier 1,E‑commerce/fintech,
474,Chengdu,,China,Tier 2,Software/gaming,
475,Chongqing,,China,Tier 3,Manufacturing/SMB,
476,Taipei,,Taiwan,Tier 2,"Semiconductors, SaaS",
477,Kaohsiung,,Taiwan,Tier 3,Industrial/logistics,
478,Tokyo,,Japan,Tier 1,Global finance/tech,
479,Osaka,,Japan,Tier 2,Manufacturing/tech,
480,Kyoto,,Japan,Tier 2,Robotics/optics,
481,Fukuoka,,Japan,Tier 2,Startup visa hub,
482,Seoul,,South Korea,Tier 1,Startups/chaebols,
483,Busan,,South Korea,Tier 2,"Ports/logistics, tech",
484,Daejeon,,South Korea,Tier 2,R&D clusters,
485,Bangalore,,India,Tier 1,India’s startup capital,
486,Hyderabad,,India,Tier 1,SaaS/enterprise,
487,Mumbai,,India,Tier 1,Finance/media,
488,Delhi NCR,,India,Tier 1,Gurugram/Noida tech,
489,Pune,,India,Tier 2,Auto/IT,
490,Chennai,,India,Tier 2,Auto/manufacturing,
491,Ahmedabad,,India,Tier 2,Manufacturing/SMB,
492,Kolkata,,India,Tier 3,Legacy industry/SMB,
493,Hanoi,,Vietnam,Tier 2,Manufacturing/tech,
494,Ho Chi Minh City,,Vietnam,Tier 1,Startups/manufacturing,
495,Bangkok,,Thailand,Tier 2,Regional HQs,
496,Kuala Lumpur,,Malaysia,Tier 2,Finance/tech,
497,Jakarta,,Indonesia,Tier 1,Unicorns/fintech,
498,Manila,,Philippines,Tier 2,BPO/startups,
499,Sydney,NSW,Australia,Tier 1,Finance/tech HQs,
500,Melbourne,VIC,Australia,Tier 1,Tech/education,